{"cameraMode":{"drawMode":0,"name":"Shaded","section":"Shading Mode"},"sceneLighting":false,"audioPlay":false,"sceneViewState":{"showFog":true,"showMaterialUpdate":false,"showSkybox":false,"showFlares":true,"showImageEffects":true,"showParticleSystems":true},"in2DMode":false,"pivot":{"x":-0.7406044006347656,"y":2.0417938232421877,"z":0.545989990234375},"rotation":{"x":-0.10207399725914002,"y":0.033415429294109347,"z":-0.003429997246712446,"w":-0.9942114353179932},"size":65.7364501953125,"orthographic":false}