{"cameraMode":{"drawMode":0,"name":"Shaded","section":"Shading Mode"},"sceneLighting":false,"audioPlay":false,"sceneViewState":{"showFog":true,"showMaterialUpdate":false,"showSkybox":false,"showFlares":true,"showImageEffects":true,"showParticleSystems":true},"in2DMode":false,"pivot":{"x":-12.430120468139649,"y":2.0417940616607668,"z":-6.758543014526367},"rotation":{"x":-0.10207399725914002,"y":0.033415429294109347,"z":-0.003429997246712446,"w":-0.9942114353179932},"size":47.52980041503906,"orthographic":false}